host,ip,port,country,city,country_name,asn
https://58.152.221.237:23,58.152.221.237,23,CN,Hong Kong,中国香港特别行政区,4760
https://1.64.10.240:60001,1.64.10.240,60001,CN,Hong Kong,中国香港特别行政区,4760
https://58.152.195.124,58.152.195.124,443,CN,Hong Kong,中国香港特别行政区,4760
https://218.103.208.20,218.103.208.20,443,CN,Hong Kong,中国香港特别行政区,4760
https://116.48.103.176,116.48.103.176,443,CN,Hong Kong,中国香港特别行政区,4760
https://203.218.139.229,203.218.139.229,443,CN,Hong Kong,中国香港特别行政区,4760
https://119.236.28.117:4443,119.236.28.117,4443,CN,Hong Kong,中国香港特别行政区,4760
https://58.153.106.112,58.153.106.112,443,CN,Hong Kong,中国香港特别行政区,4760
https://223.197.248.138,223.197.248.138,443,CN,Hong Kong,中国香港特别行政区,4760
https://42.200.220.178,42.200.220.178,443,CN,Hong Kong,中国香港特别行政区,4760
https://218.102.151.211:8443,218.102.151.211,8443,CN,Hong Kong,中国香港特别行政区,4760
https://168.70.106.154,168.70.106.154,443,CN,Hong Kong,中国香港特别行政区,4760
https://112.118.6.86,112.118.6.86,443,CN,Hong Kong,中国香港特别行政区,4760
https://218.102.151.211,218.102.151.211,443,CN,Hong Kong,中国香港特别行政区,4760
https://218.250.181.118,218.250.181.118,443,CN,Hong Kong,中国香港特别行政区,4760
https://116.49.215.70:10086,116.49.215.70,10086,CN,Hong Kong,中国香港特别行政区,4760
https://119.236.55.161:20002,119.236.55.161,20002,CN,Hong Kong,中国香港特别行政区,4760
https://203.218.81.173:22222,203.218.81.173,22222,CN,Hong Kong,中国香港特别行政区,4760
https://58.152.113.32:10021,58.152.113.32,10021,CN,Hong Kong,中国香港特别行政区,4760
https://119.236.150.80:4443,119.236.150.80,4443,CN,Hong Kong,中国香港特别行政区,4760
https://218.102.171.78:22222,218.102.171.78,22222,CN,Hong Kong,中国香港特别行政区,4760
https://1.64.178.245:20200,1.64.178.245,20200,CN,Hong Kong,中国香港特别行政区,4760
https://58.153.155.98:12345,58.153.155.98,12345,CN,Hong Kong,中国香港特别行政区,4760
https://58.152.53.135:10800,58.152.53.135,10800,CN,Hong Kong,中国香港特别行政区,4760
https://203.218.200.16,203.218.200.16,443,CN,Hong Kong,中国香港特别行政区,4760
https://203.218.107.90:33890,203.218.107.90,33890,CN,Hong Kong,中国香港特别行政区,4760
https://58.152.53.135:10450,58.152.53.135,10450,CN,Hong Kong,中国香港特别行政区,4760
https://112.120.208.66,112.120.208.66,443,CN,Hong Kong,中国香港特别行政区,4760
https://42.3.188.202:433,42.3.188.202,433,CN,Hong Kong,中国香港特别行政区,4760
https://119.237.151.51,119.237.151.51,443,CN,Hong Kong,中国香港特别行政区,4760
https://113.28.254.2,113.28.254.2,443,CN,Hong Kong,中国香港特别行政区,4760
https://1.64.10.240:60003,1.64.10.240,60003,CN,Hong Kong,中国香港特别行政区,4760
https://119.237.114.143:50003,119.237.114.143,50003,CN,Hong Kong,中国香港特别行政区,4760
https://58.152.113.243:10116,58.152.113.243,10116,CN,Hong Kong,中国香港特别行政区,4760
https://119.237.89.240:32807,119.237.89.240,32807,CN,Hong Kong,中国香港特别行政区,4760
https://219.77.76.121:12345,219.77.76.121,12345,CN,Hong Kong,中国香港特别行政区,4760
https://219.78.18.41,219.78.18.41,443,CN,Hong Kong,中国香港特别行政区,4760
https://219.79.161.126:32888,219.79.161.126,32888,CN,Hong Kong,中国香港特别行政区,4760
https://203.198.28.24:5533,203.198.28.24,5533,CN,Hong Kong,中国香港特别行政区,4760
https://58.152.53.97:11581,58.152.53.97,11581,CN,Hong Kong,中国香港特别行政区,4760
https://58.152.53.97:10800,58.152.53.97,10800,CN,Hong Kong,中国香港特别行政区,4760
https://42.98.58.50:33890,42.98.58.50,33890,CN,Hong Kong,中国香港特别行政区,4760
https://1.36.223.102:20002,1.36.223.102,20002,CN,Hong Kong,中国香港特别行政区,4760
https://218.250.115.117,218.250.115.117,443,CN,Hong Kong,中国香港特别行政区,4760
https://58.152.113.183:10116,58.152.113.183,10116,CN,Hong Kong,中国香港特别行政区,4760
https://218.250.33.52:56789,218.250.33.52,56789,CN,Hong Kong,中国香港特别行政区,4760
https://119.237.10.144:10086,119.237.10.144,10086,CN,Hong Kong,中国香港特别行政区,4760
https://1.64.162.163,1.64.162.163,443,CN,Hong Kong,中国香港特别行政区,4760
https://1.36.218.177:20002,1.36.218.177,20002,CN,Hong Kong,中国香港特别行政区,4760
https://58.152.113.222:10021,58.152.113.222,10021,CN,Hong Kong,中国香港特别行政区,4760
https://218.250.26.175:10086,218.250.26.175,10086,CN,Hong Kong,中国香港特别行政区,4760
https://119.237.202.232,119.237.202.232,443,CN,Hong Kong,中国香港特别行政区,4760
https://42.2.156.30:50003,42.2.156.30,50003,CN,Hong Kong,中国香港特别行政区,4760
https://119.236.116.128:10086,119.236.116.128,10086,CN,Hong Kong,中国香港特别行政区,4760
https://219.73.38.8:433,219.73.38.8,433,CN,Hong Kong,中国香港特别行政区,4760
https://119.237.199.33,119.237.199.33,443,CN,Hong Kong,中国香港特别行政区,4760
https://112.119.238.231,112.119.238.231,443,CN,Hong Kong,中国香港特别行政区,4760
https://58.153.224.242,58.153.224.242,443,CN,Hong Kong,中国香港特别行政区,4760
https://42.2.189.253:433,42.2.189.253,433,CN,Hong Kong,中国香港特别行政区,4760
https://58.153.137.120,58.153.137.120,443,CN,Hong Kong,中国香港特别行政区,4760
https://116.49.87.90,116.49.87.90,443,CN,Hong Kong,中国香港特别行政区,4760
https://1.65.207.126:20002,1.65.207.126,20002,CN,Hong Kong,中国香港特别行政区,4760
https://218.102.214.175:22222,218.102.214.175,22222,CN,Hong Kong,中国香港特别行政区,4760
https://218.250.96.80,218.250.96.80,443,CN,Hong Kong,中国香港特别行政区,4760
https://112.118.224.184,112.118.224.184,443,CN,Hong Kong,中国香港特别行政区,4760
https://218.103.226.37,218.103.226.37,443,CN,Hong Kong,中国香港特别行政区,4760
https://58.152.99.28:29015,58.152.99.28,29015,CN,Hong Kong,中国香港特别行政区,4760
https://116.49.154.144:3388,116.49.154.144,3388,CN,Hong Kong,中国香港特别行政区,4760
https://58.152.99.172:12361,58.152.99.172,12361,CN,Hong Kong,中国香港特别行政区,4760
https://112.119.63.11,112.119.63.11,443,CN,Hong Kong,中国香港特别行政区,4760
https://1.64.115.166:3388,1.64.115.166,3388,CN,Hong Kong,中国香港特别行政区,4760
https://58.152.99.172:12308,58.152.99.172,12308,CN,Hong Kong,中国香港特别行政区,4760
https://218.103.143.78,218.103.143.78,443,CN,Hong Kong,中国香港特别行政区,4760
https://58.152.99.172:12265,58.152.99.172,12265,CN,Hong Kong,中国香港特别行政区,4760
https://58.152.99.172:14265,58.152.99.172,14265,CN,Hong Kong,中国香港特别行政区,4760
https://58.153.80.118:3388,58.153.80.118,3388,CN,Hong Kong,中国香港特别行政区,4760
https://58.152.99.172:12195,58.152.99.172,12195,CN,Hong Kong,中国香港特别行政区,4760
https://58.152.99.172:34872,58.152.99.172,34872,CN,Hong Kong,中国香港特别行政区,4760
https://119.237.189.120,119.237.189.120,443,CN,Hong Kong,中国香港特别行政区,4760
https://58.152.99.218:29015,58.152.99.218,29015,CN,Hong Kong,中国香港特别行政区,4760
https://58.152.99.218:12119,58.152.99.218,12119,CN,Hong Kong,中国香港特别行政区,4760
https://1.36.223.232:20002,1.36.223.232,20002,CN,Hong Kong,中国香港特别行政区,4760
https://1.65.193.195:60001,1.65.193.195,60001,CN,Hong Kong,中国香港特别行政区,4760
https://112.120.208.110,112.120.208.110,443,CN,Hong Kong,中国香港特别行政区,4760
https://119.237.177.220,119.237.177.220,443,CN,Hong Kong,中国香港特别行政区,4760
https://58.152.99.121:10101,58.152.99.121,10101,CN,Hong Kong,中国香港特别行政区,4760
https://219.79.197.232,219.79.197.232,443,CN,Hong Kong,中国香港特别行政区,4760
https://58.152.99.121:14265,58.152.99.121,14265,CN,Hong Kong,中国香港特别行政区,4760
https://58.152.99.121:34872,58.152.99.121,34872,CN,Hong Kong,中国香港特别行政区,4760
https://119.237.21.249,119.237.21.249,443,CN,Hong Kong,中国香港特别行政区,4760
https://58.152.99.121:29015,58.152.99.121,29015,CN,Hong Kong,中国香港特别行政区,4760
https://168.70.110.168,168.70.110.168,443,CN,Hong Kong,中国香港特别行政区,4760
https://58.152.99.133:29015,58.152.99.133,29015,CN,Hong Kong,中国香港特别行政区,4760
https://42.2.153.88:60001,42.2.153.88,60001,CN,Hong Kong,中国香港特别行政区,4760
https://218.102.193.166:12345,218.102.193.166,12345,CN,Hong Kong,中国香港特别行政区,4760
https://42.2.152.194:60001,42.2.152.194,60001,CN,Hong Kong,中国香港特别行政区,4760
https://219.79.171.73,219.79.171.73,443,CN,Hong Kong,中国香港特别行政区,4760
https://168.70.83.137,168.70.83.137,443,CN,Hong Kong,中国香港特别行政区,4760
https://58.152.99.18:14265,58.152.99.18,14265,CN,Hong Kong,中国香港特别行政区,4760
https://112.120.161.174:3388,112.120.161.174,3388,CN,Hong Kong,中国香港特别行政区,4760
https://58.153.42.75,58.153.42.75,443,CN,Hong Kong,中国香港特别行政区,4760
https://58.153.112.2:60001,58.153.112.2,60001,CN,Hong Kong,中国香港特别行政区,4760
https://58.152.99.18:12361,58.152.99.18,12361,CN,Hong Kong,中国香港特别行政区,4760
https://219.76.254.137:50100,219.76.254.137,50100,CN,Hong Kong,中国香港特别行政区,4760
https://58.152.99.18:12308,58.152.99.18,12308,CN,Hong Kong,中国香港特别行政区,4760
https://58.152.99.18:12265,58.152.99.18,12265,CN,Hong Kong,中国香港特别行政区,4760
https://58.152.164.110:12300,58.152.164.110,12300,CN,Hong Kong,中国香港特别行政区,4760
https://58.152.99.18:12119,58.152.99.18,12119,CN,Hong Kong,中国香港特别行政区,4760
https://218.103.205.153:11007,218.103.205.153,11007,CN,Hong Kong,中国香港特别行政区,4760
https://218.103.205.183:11002,218.103.205.183,11002,CN,Hong Kong,中国香港特别行政区,4760
https://58.152.99.18:10101,58.152.99.18,10101,CN,Hong Kong,中国香港特别行政区,4760
https://42.98.167.229:12345,42.98.167.229,12345,CN,Hong Kong,中国香港特别行政区,4760
https://58.152.99.18:29015,58.152.99.18,29015,CN,Hong Kong,中国香港特别行政区,4760
https://1.65.202.155:20002,1.65.202.155,20002,CN,Hong Kong,中国香港特别行政区,4760
https://220.246.236.57,220.246.236.57,443,CN,Hong Kong,中国香港特别行政区,4760
https://219.77.225.116:3388,219.77.225.116,3388,CN,Hong Kong,中国香港特别行政区,4760
https://219.73.4.169,219.73.4.169,443,CN,Hong Kong,中国香港特别行政区,4760
https://112.118.32.102,112.118.32.102,443,CN,Hong Kong,中国香港特别行政区,4760
https://219.76.176.105:12537,219.76.176.105,12537,CN,Hong Kong,中国香港特别行政区,4760
https://218.250.180.17,218.250.180.17,443,CN,Hong Kong,中国香港特别行政区,4760
https://119.236.245.180,119.236.245.180,443,CN,Hong Kong,中国香港特别行政区,4760
https://219.79.124.211,219.79.124.211,443,CN,Hong Kong,中国香港特别行政区,4760
https://119.236.233.105:8443,119.236.233.105,8443,CN,Hong Kong,中国香港特别行政区,4760
https://203.198.253.102:50002,203.198.253.102,50002,CN,Hong Kong,中国香港特别行政区,4760
https://218.103.165.114:25007,218.103.165.114,25007,CN,Hong Kong,中国香港特别行政区,4760
https://42.98.191.107:60001,42.98.191.107,60001,CN,Hong Kong,中国香港特别行政区,4760
